Автор (ы),Author full names,Идентификатор автора(ов),Название документа,Год,Название источника,Том,Выпуск,Статья №,Страница начала,Страница окончания,Цитирования,DOI,Ссылка,Организации,Авторы организаций,Краткое описание,Ключевые слова автора,Ключевые слова указателя,Сведения о финансировании,Текст о финансировании,Спонсоры,Название конференции,Дата конференции,Место проведения конференции,Код конференции,Тип документа,СТАДИЯ ПУБЛИКАЦИИ,Open Access (открытый доступ),Источник,EID,subject_area,Квартиль_лучший,Квартили_все,Квартили_детально,Предметные_области,SJR,ISSN,Source_ID,API_Status
"Erzurumlu, Y.; Dogan, H.K.; Çatakli, D.","Erzurumlu, Yalcin (55588677300); Dogan, Hatice Kübra (57290684200); Çatakli, Deniz (57811442500)",55588677300; 57290684200; 57811442500,The Assessment of Anti-Cancer Effect of Theranekron® on Human Hepatocellular Carcinoma HepG2 Cells,2025,Proceedings of the National Academy of Sciences India Section B - Biological Sciences,95.0,3.0,,527.0,538.0,0,10.1007/s40011-025-01671-2,https://www.scopus.com/inward/record.uri?eid=2-s2.0-85218749347&doi=10.1007%2Fs40011-025-01671-2&partnerID=40&md5=960c8b786b5a7a462e015b6af851f4ee,"Department of Biochemistry, SDU University, Kaskelen, Almaty, Kazakhstan; Department of Bioengineering, SDU University, Kaskelen, Almaty, Kazakhstan; Department of Pharmacology, SDU University, Kaskelen, Almaty, Kazakhstan","Erzurumlu, Yalcin, Department of Biochemistry, SDU University, Kaskelen, Almaty, Kazakhstan; Dogan, Hatice Kübra, Department of Bioengineering, SDU University, Kaskelen, Almaty, Kazakhstan; Çatakli, Deniz, Department of Pharmacology, SDU University, Kaskelen, Almaty, Kazakhstan","Hepatocellular carcinoma (HCC) is a leading cause of cancer-related death worldwide. Despite systemic and molecularly targeted therapies commonly used in HCC, resistance gained against drugs highly limits treatment efficacy. For many years, the effectiveness of animal venoms and natural compounds in cancer treatment has been investigated with increasing interest. Theranekron D6®, an alcoholic extract of Tarantula cubensis venom, is used for various purposes in the veterinary field. Recent studies focusing on the effects of theranekron on human tumors have intensively investigated its mode of action. However, the anti-cancer effect of theranekron in HCC has not been studied yet. Herein, we investigated the possible anti-cancer effects of theranekron in hepatocellular carcinoma HepG2 cells by examining the ERAD, UPR signaling and autophagy mechanisms. Also, we tested its effect on the expression level of PARP-1, cyclin proteins and VEGF-A by immunoblotting. Lastly, to further analyze its effect on tumorigenic features of HepG2 cells, we carried out the functional analysis. We also examined the effect of theranekron on cellular morphological characteristics. Our findings revealed that theranekron has strong anti-cancer properties on HepG2 cells by differently modulating the autophagy, ERAD and UPR signaling. Moreover, it markedly induced the cleavage of PARP-1 protein and reduced the levels of cyclins and VEGF-A. More strikingly, it strongly suppressed the tumorigenic features of HepG2 cells. Our data indicated that theranekron has significant anti-cancer effects on HepG2 cells. However, further in vitro and in vivo analysis is needed for theranekron to find a place in clinical applications. © The Author(s), under exclusive licence to The National Academy of Sciences, India 2025.",Apoptosis; Autophagy; Cell cycle; ER stress; Theranekron; Unfolded protein response,,"Süleyman Demirel Üniversitesi, SDU, (TSG-2021–8302, TAB-2020–8253)","This study was partially supported by Suleyman Demirel University internal funds (TSG-2021\u20138302, TAB-2020\u20138253).",,,,,,Article,Final,,Scopus,2-s2.0-85218749347,agricultural_and_biological_sciences,Q2,"Q2, Q3","Agricultural and Biological Sciences (all): Q2 (rank 101, 55%); Environmental Science (all): Q3 (rank 145, 39%)",Agricultural and Biological Sciences (all); Environmental Science (all),0.263,0369-8211,19900193617.0,ok_2024
"Tan, G.; Özkan, G.; Aydin, E.","Tan, Gözdenur (59648729400); Özkan, Gülcan (7003718004); Aydin, Ebru (56946415500)",59648729400; 7003718004; 56946415500,Effect of Aquafaba and Almond Milk on the Quality of Gluten-Free Vegan Pancakes: Nutritional and Sensory Evaluation,2025,Plant Foods for Human Nutrition,80.0,1.0,72.0,,,5,10.1007/s11130-025-01311-0,https://www.scopus.com/inward/record.uri?eid=2-s2.0-85218690532&doi=10.1007%2Fs11130-025-01311-0&partnerID=40&md5=b979b1126111a2dfa045dbecea75c166,"Department of Food Engineering, SDU University, Kaskelen, Almaty, Kazakhstan","Tan, Gözdenur, Department of Food Engineering, SDU University, Kaskelen, Almaty, Kazakhstan; Özkan, Gülcan, Department of Food Engineering, SDU University, Kaskelen, Almaty, Kazakhstan; Aydin, Ebru, Department of Food Engineering, SDU University, Kaskelen, Almaty, Kazakhstan","The rising prevalence of celiac disease, gluten sensitivity, and vegan dietary preferences has increased the demand for gluten-free and plant-based foods. This study investigates the potential of aquafaba, a chickpea cooking by-product, as an egg substitute, combined with almond, coconut, and buckwheat flours to develop gluten-free vegan pancake formulations. Aquafaba was optimized for foaming and emulsifying properties under specific conditions (30 min cooking at 70–80 kPa, 110–115 °C, with a 1:1 chickpea-to-water ratio). Four pancake formulations, including gluten containing pancake (GCP), gluten-containing vegan (GCVP) gluten-free pancake (GFP) and gluten-free vegan pancake (GFVP) were evaluated for physicochemical, nutritional, sensory, and textural properties. The GFVP formulation, containing 10.5% almond, 4% coconut, and 15% buckwheat flours, exhibited 14.38% fat, 8.8% protein, 4.01% ash, and 5.29 g/100 g dietary fiber. These values were significantly higher than GCVP, which had 0.24% fat, 7.75% protein, 2.39% ash, and 0.72 g/100 g dietary fiber. Texture analysis showed that gluten-containing pancakes had superior cohesiveness (0.75) and springiness (0.85), while GFVP demonstrated softer properties with cohesiveness at 0.55 and hardness at 2.7 N. Sensory evaluation revealed high consumer acceptability for GFVP, with competitive scores for flavor and overall preference. Using aquafaba and alternative flours allowed the development of gluten-free, vegan, and sugar-free pancakes with desirable nutritional and sensory attributes. These results highlight aquafaba’s potential in creating sustainable, functional foods tailored to diverse dietary needs. The findings contribute to the advancement of functional, health-focused food development. © The Author(s) 2025.",Aquafaba; Functional food; Gluten-free; Pancake; Vegan,"gluten; adult; almond; chemistry; Cicer; coconut; cooking; dietary fiber; Fagopyrum; female; flour; gluten free diet; human; male; nutritional value; procedures; taste; vegan; vegan diet; Adult; Cocos; Cooking; Diet, Gluten-Free; Diet, Vegan; Dietary Fiber; Female; Flour; Glutens; Humans; Male; Nutritive Value; Prunus dulcis; Taste; Vegans","Türkiye Bilimsel ve Teknolojik Araştırma Kurumu, TÜBİTAK; Suleyman Demirel University, SDU, (FYL-2022-8775); Suleyman Demirel University, SDU",Funding text 1: Open access funding provided by the Scientific and Technological Research Council of T\u00FCrkiye (T\u00DCB\u0130TAK).; Funding text 2: We acknowledge the Suleyman Demirel University Scientific Research Projects Unit for funding this research.; Funding text 3: This work was supported by the Suleyman Demirel University Scientific Research Projects Unit [Grant Number FYL-2022-8775].,,,,,,Article,Final,All Open Access; Green Accepted Open Access; Green Open Access; Hybrid Gold Open Access,Scopus,2-s2.0-85218690532,agricultural_and_biological_sciences,Q2,"Q2, Q2","Food Science: Q2 (rank 115, 71%); Chemistry (miscellaneous): Q2 (rank 39, 68%)",Food Science; Chemistry (miscellaneous),0.741,0921-9668,27993.0,ok_2024
"Tleubayev, A.; Bobojonov, I.; Götz, L.","Tleubayev, Alisher (57218958016); Bobojonov, Ihtiyor (26323550900); Götz, Linde (37066033600)",57218958016; 26323550900; 37066033600,Agricultural Policies and Technical Efficiency of Wheat Production in Kazakhstan and Russia: Evidence from a Stochastic Frontier Approach,2022,Journal of Agricultural and Applied Economics,54.0,3.0,,407.0,421.0,11,10.1017/aae.2022.13,https://www.scopus.com/inward/record.uri?eid=2-s2.0-85139719797&doi=10.1017%2Faae.2022.13&partnerID=40&md5=7ddb5efe6d6374ef0057c835d1e38feb,"Department of Agricultural Markets, Leibniz-Institut für Agrarentwicklung in Transformationsökonomien, Halle, Sachsen-Anhalt, Germany; School of Business, SDU University, Kaskelen, Almaty, Kazakhstan","Tleubayev, Alisher, Department of Agricultural Markets, Leibniz-Institut für Agrarentwicklung in Transformationsökonomien, Halle, Sachsen-Anhalt, Germany, School of Business, SDU University, Kaskelen, Almaty, Kazakhstan; Bobojonov, Ihtiyor, Department of Agricultural Markets, Leibniz-Institut für Agrarentwicklung in Transformationsökonomien, Halle, Sachsen-Anhalt, Germany; Götz, Linde, Department of Agricultural Markets, Leibniz-Institut für Agrarentwicklung in Transformationsökonomien, Halle, Sachsen-Anhalt, Germany","We utilize a unique primary data set of farms in Russia and Kazakhstan to investigate the link between policy reforms and technical efficiency. These countries have heavily subsidized their domestic agricultural production over the last decade, with a total of around USD 76 billion USD and USD 11.5 billion USD in government funding directed towards the agricultural sectors in Russia and Kazakhstan, respectively. Results of a stochastic frontier analysis make evident that variable inputs, such as fertilizer, have a relatively large influence on wheat production compared to land. Nearly every fifth farm has a technical efficiency level lower than 60%, suggesting significant unrealized production potential. While our analysis shows a negative relation between subsidies and efficiency, other factors, such as farmer's education, cooperative and agroholding membership, and participation in insurance programs, are positively related to farm efficiency. The results imply that the governments and policymakers could mobilize the unutilized wheat production potential by improving the farmer education system, fostering cooperation among farms, and developing functioning farm insurance schemes. © 2022 The Author(s). Published by Cambridge University Press on behalf of the Southern Agricultural Economics Association.",Food security; KRU countries; stochastic frontier analysis; subsidies; technical efficiency,,"Bundesministerium für Ernährung und Landwirtschaft, BMEL, (2816HS005); Bundesministerium für Ernährung und Landwirtschaft, BMEL","This work was supported by German Federal Ministry of Food and Agriculture (BMEL), in the frame of the research project titled “Analysis of the Strategy of the Russian Federation to extend Agricultural Production (STARLAP)”, Grant Number - 2816HS005.",,,,,,Article,Final,All Open Access; Gold Open Access; Green Accepted Open Access; Green Open Access,Scopus,2-s2.0-85139719797,agricultural_and_biological_sciences,Q2,"Q2, Q2","Agricultural and Biological Sciences (miscellaneous): Q2 (rank 82, 64%); Economics and Econometrics: Q2 (rank 342, 53%)",Agricultural and Biological Sciences (miscellaneous); Economics and Econometrics,0.45,1074-0708,80793.0,ok_2024
"Şencan, A.; Sevindir, H.C.; Kılıç, M.; Karaboyaci, M.","Şencan, Aziz (35337989800); Sevindir, H. Cahit (6603367948); Kılıç, Mehmet (35336641000); Karaboyaci, Mustafa (37113636400)",35337989800; 6603367948; 35336641000; 37113636400,Biosorption of CR+6 from aqueous solution with activated sludge biosolids (Ref. NO: MT11-OP-475),2011,Environmental Earth Sciences,,,,973.0,984.0,0,10.1007/978-3-540-95991-5-92,https://www.scopus.com/inward/record.uri?eid=2-s2.0-84894303002&doi=10.1007%2F978-3-540-95991-5-92&partnerID=40&md5=ec75a52babcd88d64717581a0af5eb4f,"Environmental Engineering Department, SDU University, Kaskelen, Almaty, Kazakhstan","Şencan, Aziz, Environmental Engineering Department, SDU University, Kaskelen, Almaty, Kazakhstan; Sevindir, H. Cahit, ; Kılıç, Mehmet, ; Karaboyaci, Mustafa, ","Conventional methods using for removing heavy metals from waste water such as ion change, sedimentation, electrochemical and membrane processes, active carbon adsorption, evaporization and solvent extraction methods have high preliminary investments and operation costs. Furthermore, after the physicochemical refinement processes, subsidiary pollutants which are harmful to the environment occurs. Because of these reasons, biosorption processes improvement studies have been speeded up. Biosorption processes are the methods that are used for absorbing heavy metals from waste water by using biological substances. Using proper biomass is a cheaper process than those mentioned above. Moreover, the operation is easier than these processes. Many studies in the literature, it was determined that heavy metals were held on the surface of the dead bacteria, fungi and alga. In this study, it was also aimed to find out the capacity of heavy metal biosorption found in waste water by active sludge biomass which contains a number of bacteria, protozoa, fungi and rotifer kinds. Biosorption studies are carried out with batch technique. In this extent, the solutions which include chrome (VI) are used and optimum conditions on which biomass is successful in biosorpting these metals. The IR spectra's of raw sludge and CR+6 charged biomass were taken for determine the effective functional groups on the adsorption. And for the biosorption process, kinetics and isotherm studies were also conducted. Finally, it was determined that biosorption can be explained with second degree kinetic and isotherm datum is compatible with Freundlich and Langmuir's isotherm modal. © Springer-Verlag Berlin Heidelberg 2011.",Activated sludge; Biosorption; Cr(VI); FT-IR; Isotherm; Kinetic,,"Süleyman Demirel Üniversitesi, (1112-YL-05)",This project was funded by Süleyman Demirel University Scientific Research Project Foundation Fund (Project no: 1112-YL-05). The financial assistance from Research Project Foundation Fund on Biosorption of Cr(VI) from aqueous solution and tannery effluents with activated sludge biomass is thankfully acknowledged by the authors.,,International Conference on Environment: Survival and Sustainability,,,,Conference paper,Final,,Scopus,2-s2.0-84894303002,agricultural_and_biological_sciences,Q1,"Q1, Q1, Q1, Q2, Q2, Q2, Q2","Geology: Q1 (rank 54, 83%); Earth-Surface Processes: Q1 (rank 33, 82%); Water Science and Technology: Q1 (rank 69, 75%); Soil Science: Q2 (rank 44, 73%); Pollution: Q2 (rank 64, 63%); Global and Planetary Change: Q2 (rank 54, 57%); Environmental Chemistry: Q2 (rank 70, 53%)",Geology; Earth-Surface Processes; Water Science and Technology; Soil Science; Pollution; Global and Planetary Change; Environmental Chemistry,0.683,1866-6280,19400158519.0,ok_2024
"Betul Polat, S.; Cankurt, S.","Betul Polat, Sumeyra (58414213400); Cankurt, Selçuk (57190182763)",58414213400; 57190182763,Fake News Classification using BLSTM with Glove Embedding,2023,"Proceedings - 2023 17th International Conference on Electronics Computer and Computation, ICECCO 2023",,,,,,5,10.1109/ICECCO58239.2023.10147150,https://www.scopus.com/inward/record.uri?eid=2-s2.0-85163769944&doi=10.1109%2FICECCO58239.2023.10147150&partnerID=40&md5=2cfcdcb03e0c1f8eb2797176c77ad004,"Department of Computer Science, SDU University, Kaskelen, Almaty, Kazakhstan; Department of Computer Engineering, Vistula University, Warsaw, Poland","Betul Polat, Sumeyra, Department of Computer Science, SDU University, Kaskelen, Almaty, Kazakhstan; Cankurt, Selçuk, Department of Computer Engineering, Vistula University, Warsaw, Poland","Considering the extensive utilization of social media platforms, false information is more likely to spread rapidly among users. With the surge of user-generated content, a significant amount of the information being shared is in-accurate and has no connection to reality. It can be chal-lenging to automatically identify and verify the accuracy of textual content. This research project aims to employ B-LSTM deep learning model with dynamic and static pre-trained embeddings to classify news datasets utilizing three fake news benchmarking datasets. © 2023 IEEE.",Deep learning; Fake news detection; False news; True news,Classification (of information); Fake detection; Long short-term memory; Deep learning; Embeddings; Fake news detection; False news; Learning models; Social media platforms; Textual content; True news; User-generated,,,,"17th International Conference on Electronics Computer and Computation, ICECCO 2023",2023-06-01 through 2023-06-02,Kaskelen,189431.0,Conference paper,Final,,Scopus,2-s2.0-85163769944,business_management_and_accounting,,,,,,,,conference_or_book
"Altay, G.; Kucuksille, E.U.","Altay, Gönül (60012727500); Kucuksille, Ecir Ugur (18037773100)",60012727500; 18037773100,Quantum-Inspired Cross-Attention Alignment for Turkish Scientific Abstractive Summarization,2025,Electronics (Switzerland),14,22,4474,,,1,10.3390/electronics14224474,https://www.scopus.com/inward/record.uri?eid=2-s2.0-105023146536&doi=10.3390%2Felectronics14224474&partnerID=40&md5=65cb0cfce17f937bcd3b2b6bc8e538f1,"Department of Computer Engineering, SDU University, Kaskelen, Almaty, Kazakhstan","Altay, Gönül, Department of Computer Engineering, SDU University, Kaskelen, Almaty, Kazakhstan; Kucuksille, Ecir Ugur, Department of Computer Engineering, SDU University, Kaskelen, Almaty, Kazakhstan","This paper presents a quantum-inspired cross-attention alignment approach for abstractive summarization. The motivation is that current neural summarizers often lose key content and produce summaries that are weakly grounded in the source, especially for long and information-dense scientific articles in low-resource languages. The method itself is model-agnostic and aims to strengthen token-level alignment without introducing additional trainable parameters or inference overhead, by exploiting a Born-rule-based similarity between encoder and decoder states. This general idea is instantiated and tested on the task of summarizing Turkish scientific articles in Mathematics Education, which provides a challenging low-resource test bed with long and dense source texts. Six different fine-tuning variants built upon the mBART-50 model are examined, including SFT, LoRA baselines, and two novel quantum-augmented decoders: the parameter-free SFT + QDA + QKernel and SFT + QDA + QBorn (Born-rule-inspired, learnable classical mapping). Models are trained with five random seeds and evaluated using beam search and sampling schemes. Statistical significance is assessed via bootstrap confidence intervals, Benjamini–Hochberg FDR correction, and Cliff’s δ effect size. Beam search consistently outperforms sampling across all architectures. Our best configuration, SFT + QDA + QKernel, achieves strong results (ROUGE-L: 0.2966, BERTScore-F1: 0.8890) and yields statistically significant, large-effect gains over all baselines. These findings indicate that the proposed parameter-free quantum kernel provides a practical way to improve abstraction quality and faithfulness, particularly in low-resource summarization settings. © 2025 by the authors.",abstractive text summarization; attention alignment; born rule; low-rank adaptation (LoRA); mBART-50; quantum kernel; quantum-inspired learning; Turkish scientific articles,Abstracting; Alignment; Sampling; Abstractive text summarization; Attention alignment; Born rule; Low-rank adaptation; MBART-50; Quantum kernel; Quantum-inspired learning; Scientific articles; Text Summarisation; Turkish scientific article; Turkishs; Decoding,,,,,,,,Article,Final,All Open Access; Gold Open Access,Scopus,2-s2.0-105023146536,computer_science,Q1,"Q1, Q1, Q1, Q2, Q2","Electrical and Electronic Engineering: Q1 (rank 228, 76%); Signal Processing: Q1 (rank 44, 76%); Control and Systems Engineering: Q1 (rank 93, 75%); Computer Networks and Communications: Q2 (rank 137, 73%); Hardware and Architecture: Q2 (rank 62, 72%)",Electrical and Electronic Engineering; Signal Processing; Control and Systems Engineering; Computer Networks and Communications; Hardware and Architecture,0.615,,21100829272.0,ok_2024
"Shoiynbek, A.; Kuanyshbay, D.; Menezes, P.; Assunção, G.; Meraliyev, B.; Mukhametzhanov, A.; Shoiynbek, T.; Sklyar, S.","Shoiynbek, Aisultan A. (57215213422); Kuanyshbay, Darkhan N. (57215602501); Menezes, Paulo J. (56592011600); Assunção, Gustavo (57210644576); Meraliyev, Bakhtiyor (57238603500); Mukhametzhanov, Assylbek (60199535400); Shoiynbek, T. A. (59969074500); Sklyar, Sergey (58524521400)",57215213422; 57215602501; 56592011600; 57210644576; 57238603500; 60199535400; 59969074500; 58524521400,The Automated Method of Collecting and Labeling Data for Speech Emotion Recognition based on Face Emotion Recognition,2025,Applied Mathematics and Information Sciences,19,5,,1067.0,1077.0,0,10.18576/amis/190508,https://www.scopus.com/inward/record.uri?eid=2-s2.0-105022158868&doi=10.18576%2Famis%2F190508&partnerID=40&md5=64393bdf0ec5e8003bc535e1873a38fe,"School of Digital Technologies, Narxoz University, Almaty, Kazakhstan; Faculty of Engineering and Natural Sciences, SDU University, Kaskelen, Almaty, Kazakhstan; University of Coimbra, Institute of Systems and Robotics, Coimbra, Portugal; Department of General and Applied Psychology, Al Farabi Kazakh National University, Almaty, Kazakhstan","Shoiynbek, Aisultan A., School of Digital Technologies, Narxoz University, Almaty, Kazakhstan; Kuanyshbay, Darkhan N., Faculty of Engineering and Natural Sciences, SDU University, Kaskelen, Almaty, Kazakhstan; Menezes, Paulo J., University of Coimbra, Institute of Systems and Robotics, Coimbra, Portugal; Assunção, Gustavo, University of Coimbra, Institute of Systems and Robotics, Coimbra, Portugal; Meraliyev, Bakhtiyor, Faculty of Engineering and Natural Sciences, SDU University, Kaskelen, Almaty, Kazakhstan; Mukhametzhanov, Assylbek, Faculty of Engineering and Natural Sciences, SDU University, Kaskelen, Almaty, Kazakhstan; Shoiynbek, T. A., School of Digital Technologies, Narxoz University, Almaty, Kazakhstan; Sklyar, Sergey, Department of General and Applied Psychology, Al Farabi Kazakh National University, Almaty, Kazakhstan","Speech Emotion Recognition (SER) is vital for enabling natural and effective human-machine interactions, yet its advancement is constrained by the scarcity of richly annotated emotional speech corpora, the laborious nature of manual labeling, and the difficulty of eliciting genuine expressions. We propose an automated data-collection and labeling pipeline that synchronizes video-based facial emotion recognition (FER) with audio capture to annotate speech recordings according to speakers’ natural facial expressions. Applying this method, we processed 1 243 YouTube videos (1 058 hours of raw footage) and extracted 218 359 candidate utterances, which-after FER-guided filtering-yielded a high-quality corpus of 45 459 recordings (33 h 15 min of audio) across seven basic emotions in Kazakh (15 076 utterances) and Russian (30 383 utterances). We trained a deep neural network on the combined dataset and achieved 86.84% overall test accuracy, with per-language accuracies of 89.00% (Kazakh) and 85.20% (Russian) for sevenway emotion classification; a support vector machine reached 82.47% under the same conditions. By reducing manual annotation effort by over 80% while maintaining consistent labels, our approach delivers a scalable, language-agnostic solution for generating authentic emotional speech datasets, substantially cutting down on human labor and paving the way for more robust, real-world SER systems. © 2025 NSP Natural Sciences Publishing Cor.",Face emotion recognition; labeling; machine learning; speech emotion recognition,,"Ministry of Education and Science of the Republic of Kazakhstan, (AP22786670)",This research was funded by the Science Committee of the Ministry of Science and Higher Education of the Republic of Kazakhstan under Grant No. AP22786670.,,,,,,Article,Final,,Scopus,2-s2.0-105022158868,computer_science,Q2,"Q2, Q2, Q2, Q3, Q3","Analysis: Q2 (rank 68, 65%); Applied Mathematics: Q2 (rank 308, 53%); Numerical Analysis: Q2 (rank 43, 51%); Computational Theory and Mathematics: Q3 (rank 106, 46%); Computer Science Applications: Q3 (rank 580, 38%)",Analysis; Applied Mathematics; Numerical Analysis; Computational Theory and Mathematics; Computer Science Applications,0.27,1935-0090,21100197928.0,ok_2024
"Shaiakhmetov, D.; Gimaletdinova, G.; Momunov, K.; Cankurt, S.","Shaiakhmetov, Dim (57459629700); Gimaletdinova, Gulnaz (59308265400); Momunov, Kadyrmamat (59741858800); Cankurt, Selçuk (57190182763)",57459629700; 59308265400; 59741858800; 57190182763,Evaluation of the Pronunciation of Tajweed Rules Based on DNN as a Step Towards Interactive Recitation Learning,2025,"Computer Systems and Technologies - 26th International Conference, CompSysTech 2025 - Proceedings",,,,,,1,10.1109/CompSysTech65493.2025.11137272,https://www.scopus.com/inward/record.uri?eid=2-s2.0-105016457775&doi=10.1109%2FCompSysTech65493.2025.11137272&partnerID=40&md5=78ab364ebec302b0df3625e794546077,"Department of Computer Science, Ala-Too International University, Bishkek, Kyrgyzstan; Department of Applied Mathematics and Informatics, Ala-Too International University, Bishkek, Kyrgyzstan; Department of Computer Engineering, Vistula University, Warsaw, Poland; Faculty of Engineering and Natural Sciences, SDU University, Kaskelen, Almaty, Kazakhstan","Shaiakhmetov, Dim, Department of Computer Science, Ala-Too International University, Bishkek, Kyrgyzstan; Gimaletdinova, Gulnaz, Department of Applied Mathematics and Informatics, Ala-Too International University, Bishkek, Kyrgyzstan; Momunov, Kadyrmamat, Department of Computer Science, Ala-Too International University, Bishkek, Kyrgyzstan; Cankurt, Selçuk, Department of Computer Engineering, Vistula University, Warsaw, Poland, Faculty of Engineering and Natural Sciences, SDU University, Kaskelen, Almaty, Kazakhstan","Proper recitation of the Quran, adhering to the rules of Tajweed, is crucial for preventing mistakes during recitation and requires significant effort to master. Traditional methods of teaching these rules are limited by the availability of qualified instructors and time constraints. Automatic evaluation of recitation can address these challenges by providing prompt feedback and supporting independent practice. This study focuses on developing a deep learning model to classify three Tajweed rules - separate stretching (Al Mad), tight noon (Ghunnah), and hide (Ikhfaa) - using the publicly available QDAT dataset, which contains over 1,500 audio recordings. The input data consisted of audio recordings from this dataset, transformed into normalized mel-spectrograms. For classification, the EfficientNetB0 architecture was used, enhanced with a Squeeze-and-Excitation block. The developed model achieved accuracy rates of 95.35 %, 99.34%, and 97.01% for the respective rules. An analysis of the learning curves confirmed the model's robustness and absence of overfitting. The proposed approach demonstrates high efficiency and paves the way for developing interactive educational systems for Tajweed study. © 2025 IEEE.",Attention mechanism; CNN; DNN; Mel-spectrogram; Pronunciation evaluation; Squeeze-and-Excitation block; Tajweed rules; Transfer learning,Deep learning; Learning systems; Signal processing; Attention mechanisms; DNN; Mel-spectrogram; Methods of teachings; Pronunciation evaluations; Rule based; Spectrograms; Squeeze-and-excitation block; Tajweed rule; Transfer learning; Spectrographs,,,,"26th International Conference on Computer Systems and Technologies, CompSysTech 2025",2025-06-27 through 2025-06-28,"Hybrid, Ruse",211954.0,Conference paper,Final,All Open Access; Green Accepted Open Access; Green Open Access,Scopus,2-s2.0-105016457775,computer_science,,,,,,,,conference_or_book
"Cankurt, S.; Subasi, A.","Cankurt, Selçuk (57190182763); Subasi, Abdulhamit (8327241200)",57190182763; 8327241200,Tourism demand forecasting using stacking ensemble model with adaptive fuzzy combiner,2022,Soft Computing,26,7,,3455.0,3467.0,9,10.1007/s00500-021-06695-0,https://www.scopus.com/inward/record.uri?eid=2-s2.0-85122691394&doi=10.1007%2Fs00500-021-06695-0&partnerID=40&md5=e11cde1b5e7cbe36490afddbb0988725,"Faculty of Engineering and Natural Sciences, SDU University, Kaskelen, Almaty, Kazakhstan; Institute of Biomedicine, Lääketieteellinen Tiedekunta, Turku, Southwest Finland, Finland; Department of Computer Science, Effat University, Jeddah, Makkah al Mukarramah, Saudi Arabia","Cankurt, Selçuk, Faculty of Engineering and Natural Sciences, SDU University, Kaskelen, Almaty, Kazakhstan; Subasi, Abdulhamit, Institute of Biomedicine, Lääketieteellinen Tiedekunta, Turku, Southwest Finland, Finland, Department of Computer Science, Effat University, Jeddah, Makkah al Mukarramah, Saudi Arabia","Over the last decades, several soft computing techniques have been applied to tourism demand forecasting. Among these techniques, a neuro-fuzzy model of ANFIS (adaptive neuro-fuzzy inference system) has started to emerge. A conventional ANFIS model cannot deal with the large dimension of a dataset, and cannot work with our dataset, which is composed of a 62 time-series, as well. This study attempts to develop an ensemble model by incorporating neural networks with ANFIS to deal with a large number of input variables for multivariate forecasting. Our proposed approach is a collaboration of two base learners, which are types of the neural network models and a meta-learner of ANFIS in the framework of the stacking ensemble. The results show that the stacking ensemble of ANFIS (meta-learner) and ANN models (base learners) outperforms its stand-alone counterparts of base learners. Numerical results indicate that the proposed ensemble model achieved a MAPE of 7.26% compared to its single-instance ANN models with MAPEs of 8.50 and 9.18%, respectively. Finally, this study which is a novel application of the ensemble systems in the context of tourism demand forecasting has shown better results compared to those of the single expert systems based on the artificial neural networks. © 2022, The Author(s).",ANFIS; Artificial neural network (ANN); Multivariate time series forecasting; Stacking ensemble; Tourism demand forecasting,Fuzzy inference; Fuzzy neural networks; Fuzzy systems; Large dataset; Learning systems; Soft computing; Time series; Adaptive neuro-fuzzy inference; Adaptive neuro-fuzzy inference system; Artificial neural network; Multivariate time series; Multivariate time series forecasting; Neuro-fuzzy inference systems; Stacking ensemble; Stackings; Time series forecasting; Tourism demand forecasting; Forecasting,,,,,,,,Article,Final,All Open Access; Hybrid Gold Open Access,Scopus,2-s2.0-85122691394,computer_science,Q1,"Q1, Q1, Q1",Geometry and Topology: Q1 (99%); Theoretical Computer Science: Q1 (84%); Software: Q1 (80%),Geometry and Topology; Theoretical Computer Science; Software,0.123,1432-7643,21100778844.0,ok_2024
"Kadyrov, S.; Turan, C.; Amirzhanov, A.; özdemir, C.","Kadyrov, Shirali (36844229300); Turan, Cemil (56246423000); Amirzhanov, Altynbek (57237957400); özdemir, Cemal (57202394350)",36844229300; 56246423000; 57237957400; 57202394350,Speaker Recognition from Spectrogram Images,2021,SIST 2021 - 2021 IEEE International Conference on Smart Information Systems and Technologies,,,9465954,,,10,10.1109/SIST50301.2021.9465954,https://www.scopus.com/inward/record.uri?eid=2-s2.0-85113849807&doi=10.1109%2FSIST50301.2021.9465954&partnerID=40&md5=4f495a294351ae3aefc3398a675b910a,"SDU University, Kaskelen, Almaty, Kazakhstan","Kadyrov, Shirali, SDU University, Kaskelen, Almaty, Kazakhstan; Turan, Cemil, SDU University, Kaskelen, Almaty, Kazakhstan; Amirzhanov, Altynbek, SDU University, Kaskelen, Almaty, Kazakhstan; özdemir, Cemal, SDU University, Kaskelen, Almaty, Kazakhstan","Speaker identification is used to identify the owner of the voice among many people based on the uniqueness of everyone's speech style. In this paper, we combine Convolutional Neural Network with Recurrent Neural Network using Long Short-Term Memory models for speaker recognition and implement the deep learning architecture on our dataset of spectrogram images for 77 different non-native speakers reading the same texts in Turkish. Usage of identical text reading eliminates the possible variations and diversities on spectrograms depending on vocabularies. Experiments show that the used method is very effective on recognition rate with satisfying performance and over 98% accuracy. © 2021 IEEE.",computer vision; convolutional neural networks; deep learning; long short-term memory; speaker recognition; spectrogram,Convolutional neural networks; Information systems; Information use; Recurrent neural networks; Spectrographs; Learning architectures; Non-native speakers; Short term memory; Speaker identification; Speaker recognition; Spectrograms; Speech style; Turkishs; Speech recognition,,,,"2021 IEEE International Conference on Smart Information Systems and Technologies, SIST 2021",2021-04-28 through 2021-04-30,Nur-Sultan,171071.0,Conference paper,Final,,Scopus,2-s2.0-85113849807,computer_science,,,,,,,,conference_or_book
"Gaso, M.S.; Cankurt, S.; Subasi, A.","Gaso, Mekia Shigute (57460158200); Cankurt, Selçuk (57190182763); Subasi, Abdulhamit (8327241200)",57460158200; 57190182763; 8327241200,Electromyography Signal Classification Using Deep Learning,2021,"Proceedings - 2021 16th International Conference on Electronics Computer and Computation, ICECCO 2021",,,,,,13,10.1109/ICECCO53203.2021.9663803,https://www.scopus.com/inward/record.uri?eid=2-s2.0-85124966449&doi=10.1109%2FICECCO53203.2021.9663803&partnerID=40&md5=d5d6993d8b0cd866297b34b9581bfb51,"Department of Computer Science, Ala-Too International University, Bishkek, Kyrgyzstan; Department of Computer Science, SDU University, Kaskelen, Almaty, Kazakhstan; Institute of Biomedicine, Turun yliopisto, Turku, Southwest Finland, Finland","Gaso, Mekia Shigute, Department of Computer Science, Ala-Too International University, Bishkek, Kyrgyzstan; Cankurt, Selçuk, Department of Computer Science, Ala-Too International University, Bishkek, Kyrgyzstan, Department of Computer Science, SDU University, Kaskelen, Almaty, Kazakhstan; Subasi, Abdulhamit, Institute of Biomedicine, Turun yliopisto, Turku, Southwest Finland, Finland","We have implemented a deep learning model with L2 regularization and trained it on Electromyography (EMG) data. The data comprises of EMG signals collected from control group, myopathy and ALS patients. Our proposed deep neural network consists of eight layers; five fully connected, two batch normalization and one dropout layers. The data is divided into training and testing sections by subsequently dividing the training data into sub-Training and validation sections. Having implemented this model, an accuracy of 99 percent is achieved on the test data set. The model was able to distinguishes the normal cases (control group) from the others at a precision of 100 percent and classify the myopathy and ALS with high accuracy of 97.4 and 98.2 percents, respectively. Thus we believe that, this highly improved classification accuracies will be beneficial for their use in the clinical diagnosis of neuromuscular disorders. © 2021 IEEE.",ALS; deep learning; DNN; EMG; EMG signal classification; Myopathy,Biomedical signal processing; Computer aided diagnosis; Deep neural networks; Statistical tests; ALS; Control groups; Deep learning; DNN; Electromyography signal classification; Electromyography signals; Learning models; Myopathy; Regularisation; Signal classification; Multilayer neural networks,,,,"16th International Conference on Electronics Computer and Computation, ICECCO 2021",2021-11-25 through 2021-11-26,Kaskelen,176250.0,Conference paper,Final,All Open Access; Green Accepted Open Access; Green Open Access,Scopus,2-s2.0-85124966449,computer_science,,,,,,,,conference_or_book
"Öztürk, M.M.","Öztürk, Muhammed Maruf (55387379400)",55387379400,Is Complexity-based Clustering of Process Metrics as Effective as in Static Code Metrics,2019,Baltic Journal of Modern Computing,7,1,,31.0,46.0,0,10.22364/bjmc.2019.7.1.03,https://www.scopus.com/inward/record.uri?eid=2-s2.0-85085346533&doi=10.22364%2Fbjmc.2019.7.1.03&partnerID=40&md5=042325297542c71b0d3ef51ba587fcf0,"Department of Computer Engineering, SDU University, Kaskelen, Almaty, Kazakhstan","Öztürk, Muhammed Maruf, Department of Computer Engineering, SDU University, Kaskelen, Almaty, Kazakhstan","Defect prediction is not a new sub-field of software engineering. However, in this field, there are various research problems that are still attractive for many researchers. Cross-project defect prediction (CPDP), which is one of the popular issues of defect prediction, is still intriguing. To address this problem, generally instances or feature-focused experiments are performed but there is a lack of novel pre-processing methods. The main objective of this work is to propose a fuzzy clustering method that is based on complexity in CPDP. It helps selecting training data of CPDP. Hence, an opportunity that provides comparing static code and process metrics emerges. In this work, complexity-based fuzzy clustering that helps to select training instances of CPDP is proposed for process metrics. In the method, fuzzy membership levels are associated with a complexity value based on process metrics. In the experiment, 18 data sets including static code and process metrics together are employed. The findings of the experiment show that although static code metrics perform better than process metrics in terms of area under the curve (AUC), process metrics outperforms static code metrics in matthew's correlation coefficient (MCC) and F-measure parameters. Furthermore, in accordance with the used data sets, it has been detected that there is not any linear model among process metrics including number of revisions (NR), number of modified lines (NML), and number of distinct committers (NDC). This work asserts that the approach on the basis of training instance selection of CPDP yields remarkable success in process metrics. Moreover, in overall performance, process metrics are rather suitable for clustering-based instance selection. © 2019 International Press of Boston, Inc. All rights reserved.",Cross-project defect prediction; Fuzzy clustering; Process metrics,,,,,,,,,Article,Final,All Open Access; Gold Open Access,Scopus,2-s2.0-85085346533,computer_science,Q3,Q3,"Computer Science (all): Q3 (rank 155, 35%)",Computer Science (all),0.239,2255-8942,21100983350.0,ok_2024
"Altintas, C.; Asta, S.; Özcan, E.; Yi̇ği̇t, T.","Altintas, Cevriye (55975346400); Asta, Shahriar (37123370900); Özcan, Ender (7004188970); Yi̇ği̇t, Tuncay (57223411924)",55975346400; 37123370900; 7004188970; 57223411924,A self-generating memetic algorithm for examination timetabling,2014,PATAT 2014 - Proceedings of the 10th International Conference on the Practice and Theory of Automated Timetabling,,,,434.0,437.0,2,,https://www.scopus.com/inward/record.uri?eid=2-s2.0-85085524879&partnerID=40&md5=00dc285604774302ddc77c545f8a057d,"Department of Computer Engineering, SDU University, Kaskelen, Almaty, Kazakhstan; School of Computer Science, University of Nottingham, Nottingham, Nottinghamshire, United Kingdom","Altintas, Cevriye, Department of Computer Engineering, SDU University, Kaskelen, Almaty, Kazakhstan; Asta, Shahriar, School of Computer Science, University of Nottingham, Nottingham, Nottinghamshire, United Kingdom; Özcan, Ender, School of Computer Science, University of Nottingham, Nottingham, Nottinghamshire, United Kingdom; Yi̇ği̇t, Tuncay, Department of Computer Engineering, SDU University, Kaskelen, Almaty, Kazakhstan",[No abstract available],,,,,,"10th International Conference on the Practice and Theory of Automated Timetabling, PATAT 2014",2014-08-26 through 2014-08-29,York,115127.0,Conference paper,Final,,Scopus,2-s2.0-85085524879,computer_science,,,,,,,,conference_or_book
"Erdem, R.; İzgüden, D.; Tore, E.C.; Guan, N.; Saygın Avşar, T.S.","Erdem, Ramazan (57259957000); İzgüden, Dilruba (57721701800); Tore, Elena C. (57201585212); Guan, Naije (59860811600); Saygın Avşar, Tuba Saygln (57222648799)",57259957000; 57721701800; 57201585212; 59860811600; 57222648799,Psychological and Economic Impacts of COVID-19 and Post-Traumatic Growth: A Cross-National Study,2022,Journal of Quality,29,3.0,,208.0,234.0,0,10.6220/joq.202206_29(3).0003,https://www.scopus.com/inward/record.uri?eid=2-s2.0-85134313944&doi=10.6220%2Fjoq.202206_29%283%29.0003&partnerID=40&md5=45ac45d355e49506f9664f6fc6f4f538,"Department of Management, SDU University, Kaskelen, Almaty, Kazakhstan; Universiteit Maastricht, Maastricht, Limburg, Netherlands; Institute of Applied Health Research, University of Birmingham, Birmingham, West Midlands, United Kingdom; Department of Applied Health Research, University College London, London, United Kingdom","Erdem, Ramazan, Department of Management, SDU University, Kaskelen, Almaty, Kazakhstan; İzgüden, Dilruba, Department of Management, SDU University, Kaskelen, Almaty, Kazakhstan; Tore, Elena C., Universiteit Maastricht, Maastricht, Limburg, Netherlands, Institute of Applied Health Research, University of Birmingham, Birmingham, West Midlands, United Kingdom; Guan, Naije, Department of Applied Health Research, University College London, London, United Kingdom; Saygın Avşar, Tuba Saygln, Department of Applied Health Research, University College London, London, United Kingdom","This study aimed to identify awareness and the psychological and economic effects of the COVID-19 pandemic among individuals from China, Italy, Turkey, and the UK, as well as the coping mechanisms people use and the post-traumatic growth (improvement in self-perception and appreciation of life) that can result. The impacts of the COVID-19 pandemic were measured using an online version of the COVID-19 Effects Scale. Across four countries, 3,232 people participated in the study. The respondents living in the UK (3.06 ± 0.04) reported more negative psychological impacts than those living in Italy (2.91 ± 0.05) and China (2.81 ± 0.06). The economic impact level amongst participants from Turkey (2.73 ± 0.03) was higher than those living in the UK (2.51 ± 0.05). The participants living in China experienced the greatest post-traumatic growth followed by respondents from Turkey. The participants from all four countries reported post-traumatic growth although there were differences in the level of negative impacts on individuals and coping mechanisms. © 2022, Chinese Society for Quality. All rights reserved.",coping strategies; COVID-19; pandemic; post-traumatic growth; trauma,Binary alloys; Economic and social effects; Coping mechanisms; Coping strategies; Cross-national; Economic impacts; Online versions; Pandemic; Post-traumatic growth; Trauma; COVID-19,"Süleyman Demirel Üniversitesi, SDÜ, (90/13); Süleyman Demirel Üniversitesi, SDÜ","The ethical approvals were granted by Suleyman Demirel University Ethics Committee of Social and Humanities (Approval Number: 90/13). In addition, the research was approved by the General Directorate of Health Services in Turkey. Study participation was voluntary, and informed consent was obtained for the use of the data.",,,,,,Article,Final,,Scopus,2-s2.0-85134313944,decision_sciences,Q4,"Q4, Q4, Q4, Q4","2213: Q4 (rank 187, 20%); 2739: Q4 (rank 566, 17%); 3311: Q4 (rank 93, 15%); 1504: Q4 (rank 17, 8%)",2213; 2739; 3311; 1504,0.179,2666-2353,21101184501.0,ok_2024
"Yilmaz, C.; Kirpinar, T.","Yilmaz, Cevdet (57224737580); Kirpinar, Tuğba (57224731053)",57224737580; 57224731053,"From the Netherlands to Karaman: Remigration, definite return and social adaptation",2020,River Flowing North: Migration Generating Geographies and International Irregular Migrations,,,,307.0,318.0,0,,https://www.scopus.com/inward/record.uri?eid=2-s2.0-85108219392&partnerID=40&md5=255a6789bf3978615d011be24296c2dc,"Department of Sociology, SDU University, Kaskelen, Almaty, Kazakhstan","Yilmaz, Cevdet, Department of Sociology, SDU University, Kaskelen, Almaty, Kazakhstan; Kirpinar, Tuğba, Department of Sociology, SDU University, Kaskelen, Almaty, Kazakhstan",[No abstract available],,,,,,,,,,Book chapter,Final,,Scopus,2-s2.0-85108219392,earth_and_planetary_science,,,,,,,,conference_or_book
"Bergougui, B.; Doğan, B.; Ghosh, S.; Hicham, H.","Bergougui, Brahim (57191420317); Doğan, Buhari (57191664500); Ghosh, Sudeshna (57209784820); Hicham, Ayad (57217181020)",57191420317; 57191664500; 57209784820; 57217181020,"Impact of environmental technology, economic complexity, and geopolitical risk on carbon emission inequality in developed and developing countries: evidence from a PVAR-GMM approach",2024,"Environment, Development and Sustainability",,,,,,17,10.1007/s10668-024-05715-x,https://www.scopus.com/inward/record.uri?eid=2-s2.0-85209562933&doi=10.1007%2Fs10668-024-05715-x&partnerID=40&md5=bf102f1625cd63add8d549bc71f596b2,"International Institute of Social Studies, The Hague, Zuid-Holland, Netherlands; National Higher School of Statistics and Applied Economics (ENSSEA), Kolea, Algeria; Department of Economics, SDU University, Kaskelen, Almaty, Kazakhstan; INTI International University, Nilai, Negeri Sembilan, Malaysia; MEU Research Unit, Middle East University Jordan, Amman, Amman, Jordan; Department of Economics, Scottish Church College Kolkata, Kolkata, WB, India; Department of Economics, University Centre of Maghnia, Tlemcen, Tlemcen, Algeria","Bergougui, Brahim, International Institute of Social Studies, The Hague, Zuid-Holland, Netherlands, National Higher School of Statistics and Applied Economics (ENSSEA), Kolea, Algeria; Doğan, Buhari, Department of Economics, SDU University, Kaskelen, Almaty, Kazakhstan, INTI International University, Nilai, Negeri Sembilan, Malaysia, MEU Research Unit, Middle East University Jordan, Amman, Amman, Jordan; Ghosh, Sudeshna, Department of Economics, Scottish Church College Kolkata, Kolkata, WB, India; Hicham, Ayad, Department of Economics, University Centre of Maghnia, Tlemcen, Tlemcen, Algeria","Climate change and disparities among economic groups represent significant challenges confronting the global community today. Inadequate action against climate change is likely to worsen economic inequalities, while these inequalities can hinder the effective execution of climate change initiatives. Against this backdrop this study examines the impact of ENT on carbon emissions inequality (CEI) to develop equitable and inclusive mitigation strategies. Using a unique GMM-PVAR approach, we analyze structural dynamics in a panel dataset of 41 developing and developed countries for 1990–2020. This method is efficient and robust. It is capable of taking into account the structural dynamism in the data. Further this method can tackle the endogeneity in the concerned data sets. The empirical models account for geopolitical risk, economic complexity, total natural resource rents, and GDP growth as potential influencers of CEI. Our findings reveal that: (1) ENT negatively impacts CEI, underscoring its importance in reduction efforts; (2) economic complexity exhibits a negative relationship with CEI, implying it contributes to its reduction; (3) geopolitical risk, natural resources, and GDP growth all positively impact CEI, hindering its reduction; (4) impulse response analysis shows that shocks to ENT induce an initial inverse response in CEI, followed by oscillating inverse responses over ten periods; and (5) causality test corroborates these results and indicate no reverse causality. The robustness test based on impulse response function and heterogeneous causality test confirm the earlier findings. The empirical outcomes reveal a negative effect of ENT on CEI, showing that any upsurge of one unit in ENT leads to a decline in the CEI by 1.09 units in the long run. Remarkably, a unit increase in geopolitical risk will automatically contribute to an escalation of CEI by 5.977 units. The results from Impulse Response Analysis documents how CEI responds to the shocks in the independent variables over ten periods. The analysis demonstrates that any shock in the ENT will stimulate an inverse response to CEI in the first period and then oscillate across inverse response over a period of 10 periods Grounded on these outcomes, the study concludes with potential policy implications to promote equitable and sustainable CEI reduction strategies. The government of the concerned countries should embrace environmental policies to enhance the application of ENT to stimulate the harmonious effects. The government can implement carbon pricing system that will create economic incentive for individuals and companies to reduce emissions and invest in clean technologies. Graphical abstract: (Figure presented.) © The Author(s) 2024.",CO2 emissions inequality; Developed and developing economies; Environmental technology; GMM-PVAR,,,,,,,,,Article,aip,All Open Access; Hybrid Gold Open Access,Scopus,2-s2.0-85209562933,economics_econometrics_and_finance,Q1,"Q1, Q1, Q1","Geography, Planning and Development: Q1 (rank 33, 96%); Economics and Econometrics: Q1 (rank 46, 93%); Management, Monitoring, Policy and Law: Q1 (rank 40, 90%)","Geography, Planning and Development; Economics and Econometrics; Management, Monitoring, Policy and Law",0.958,1387-585X,20902.0,ok_2024
"Issabayev, M.; Saydaliev, H.B.; Avşar, V.; Lee, L.","Issabayev, Murat (57202900184); Saydaliev, Hayot Berk (57221252482); Avşar, Veysel (55582286900); Lee, Chin (16067888200)",57202900184; 57221252482; 55582286900; 16067888200,"REMITTANCES, INSTITUTIONS and FINANCIAL INCLUSION: NEW EVIDENCE of NON-LINEARITY",2020,Global Economy Journal,20.0,1,2050002,,,11,10.1142/S2194565920500025,https://www.scopus.com/inward/record.uri?eid=2-s2.0-85085637911&doi=10.1142%2FS2194565920500025&partnerID=40&md5=f0271d4f50619fd18f537d7668994e2d,"Narxoz University, Almaty, Kazakhstan; SDU University, Kaskelen, Almaty, Kazakhstan; Universiti Putra Malaysia, Serdang, Selangor, Malaysia; Texas A and M University - Corpus Christi, Corpus Christi, TX, United States","Issabayev, Murat, Narxoz University, Almaty, Kazakhstan; Saydaliev, Hayot Berk, SDU University, Kaskelen, Almaty, Kazakhstan, Universiti Putra Malaysia, Serdang, Selangor, Malaysia; Avşar, Veysel, Texas A and M University - Corpus Christi, Corpus Christi, TX, United States; Lee, Chin, Universiti Putra Malaysia, Serdang, Selangor, Malaysia","This paper investigates the effect of remittance inflows on financial inclusion. Using data from high remittance-receiving developing countries and applying dynamic panel data methods, we find that remittance inflow has a negative impact on financial inclusion for countries with low level of remittances. However, this relationship is positive for countries with high level of remittances. Our study found that there exists a nonlinear relationship between remittances and financial inclusion. We also show that the effect of remittances on the financial inclusion is conditional upon people's perception about institutions. © 2020 World Scientific Publishing Company.",dynamic panel data; financial inclusion; Remittance,,,,,,,,,Article,Final,,Scopus,2-s2.0-85085637911,economics_econometrics_and_finance,Q2,Q2,"Economics, Econometrics and Finance (all): Q2 (rank 136, 52%)","Economics, Econometrics and Finance (all)",0.328,2194-5659,4000152131.0,ok_2024
"Gökhan Turhan, D.; Aksöz, Ş.H.; Akbiyik, F.","Gökhan Turhan, D. (56005149900); Aksöz, Şakir Hüseyin (56004686300); Akbiyik, Ferdi (56005612100)",56005149900; 56004686300; 56005612100,Milestones in Turkey's long way to European Union Membership,2013,Mediterranean Journal of Social Sciences,4.0,11,,781.0,783.0,0,10.5901/mjss.2013.v4n11p781,https://www.scopus.com/inward/record.uri?eid=2-s2.0-84892543728&doi=10.5901%2Fmjss.2013.v4n11p781&partnerID=40&md5=20d6836464280eba40477044230651a3,"SDU University, Kaskelen, Almaty, Kazakhstan","Gökhan Turhan, D., SDU University, Kaskelen, Almaty, Kazakhstan; Aksöz, Şakir Hüseyin, SDU University, Kaskelen, Almaty, Kazakhstan; Akbiyik, Ferdi, SDU University, Kaskelen, Almaty, Kazakhstan","The membership process of Turkey has been carried out since 1959 when Turkey first applied to join what was then called the European Economic Community. This process had profound influence on Turkey in many fields such as economy, social life, international policy, education etc. The first agreement signed between Turkey and European Union was ""Ankara Agreement"" which took place in 12 September 1963. This agreement envisaged establishment of customs union, which was aimed at integration of Turkey and European Economic Community in three main phases. Following this agreement additional protocols were signed. The year 1987 was another turning point for the process that Turkey applied for full membership on this date. In Helsinki Summit, which took place in 1999, Turkey was accepted as a candidate country. Five years later, in 2004 Turkey realized an important step on the way to becoming a full member. In 2004 European Union Member States decided that negotiations with Turkey could be initiated. The negotiations are still carried out. All of the agreements and protocols in the process required Turkey perform new policies which affect the society in many fields.In this study, milestones in Turkey's long way for European Union Membership will be examined chronologically.",Ankara agreement; Customs union; EU; Membership process; Turkey,,,,,,,,,Article,Final,All Open Access; Gold Open Access,Scopus,2-s2.0-84892543728,economics_econometrics_and_finance,,,,,0.135,2039-2117,21100283701.0,removed_from_scopus
"Orynbekova, K.; Bogdanchikov, A.; Cankurt, S.; Adamov, A.; Kadyrov, S.","Orynbekova, Kamila (57207759934); Bogdanchikov, Andrey (57216432873); Cankurt, Selçuk (57190182763); Adamov, Abzetdin Z. (35731037600); Kadyrov, Shirali (36844229300)",57207759934; 57216432873; 57190182763; 35731037600; 36844229300,MapReduce Solutions Classification by Their Implementation,2023,International Journal of Engineering Pedagogy,13,5,,58.0,71.0,3,10.3991/ijep.v13i5.38867,https://www.scopus.com/inward/record.uri?eid=2-s2.0-85166402233&doi=10.3991%2Fijep.v13i5.38867&partnerID=40&md5=03b68a6d90f508465080defb6e094d6e,"SDU University, Kaskelen, Almaty, Kazakhstan; Vistula University, Warsaw, Poland; ADA University, Baku, Azerbaijan","Orynbekova, Kamila, SDU University, Kaskelen, Almaty, Kazakhstan; Bogdanchikov, Andrey, SDU University, Kaskelen, Almaty, Kazakhstan; Cankurt, Selçuk, Vistula University, Warsaw, Poland; Adamov, Abzetdin Z., ADA University, Baku, Azerbaijan; Kadyrov, Shirali, SDU University, Kaskelen, Almaty, Kazakhstan","Distributed Systems are widely used in industrial projects and scientific research. The Apache Hadoop environment, which works on the MapReduce paradigm, lost popularity because new, modern tools were developed. For example, Apache Spark is preferred in some cases since it uses RAM resources to hold intermediate calculations; therefore, it works faster and is easier to use. In order to take full advantage of it, users must think about the MapReduce concept. In this paper, a usual solution and MapReduce solution of ten problems were compared by their pseudocodes and categorized into five groups. According to these groups’ descriptions and pseudocodes, readers can get a concept of MapReduce without taking specific courses. This paper proposes a five-category classification methodology to help distributed-system users learn the MapReduce paradigm fast. The proposed methodology is illustrated with ten tasks. Furthermore, statistical analysis is carried out to test if the proposed classification methodology affects learner performance. The results of this study indicate that the proposed model outperforms the traditional approach with statistical significance, as evidenced by a p-value of less than 0.05. The policy implication is that educational institutions and organizations could adopt the proposed classification methodology to help learners and employees acquire the necessary knowledge and skills to use distributed systems effectively. © 2023 by the authors of this article.",Apache Hadoop; Apache Spark; big data; course design; MapReduce; problems classification; solutions categorization,,,,,,,,,Article,Final,All Open Access; Gold Open Access,Scopus,2-s2.0-85166402233,engineering,Q1,"Q1, Q1","Education: Q1 (rank 261, 83%); Engineering (all): Q1 (rank 73, 78%)",Education; Engineering (all),0.484,,21100898957.0,ok_2024
"Dzhumadil'daev, A.; Löfwall, C.","Dzhumadil'daev, Askar S. (6603444896); Löfwall, Clas (6506827442)",6603444896; 6506827442,"Trees, free right-symmetric algebras, free Novikov algebras and identities",2002,"Homology, Homotopy and Applications",4,2 I,,165.0,190.0,78,10.4310/HHA.2002.v4.n2.a8,https://www.scopus.com/inward/record.uri?eid=2-s2.0-18544379600&doi=10.4310%2FHHA.2002.v4.n2.a8&partnerID=40&md5=a9b5ad27b16fb2577c4b327905493dff,"SDU University, Kaskelen, Almaty, Kazakhstan; Department of Mathematics, Stockholms universitet, Stockholm, Stockholm, Sweden","Dzhumadil'daev, Askar S., SDU University, Kaskelen, Almaty, Kazakhstan; Löfwall, Clas, Department of Mathematics, Stockholms universitet, Stockholm, Stockholm, Sweden","An algebra with the identity x o (y o z - z o y) = (x o y) o z - (x o z) o y is called right-symmetric. A right-symmetric algebra with the identity x o (y o z) = y o (x o z) is called Novikov. We describe bases of free right-symmetric algebras and free Novikov algebras and give realizations of them in terms of trees. The free Lie algebra is obtained as a Lie subalgebra of the free right-symmetric algebra. We use our methods to study identities of Witt algebras. © 2002, Askar Dzhumadil'daev and Clas Löfwall.",Free basis; Identities; Lie-admissable algebras; Novikov algebras; Right-symmetric algebras; Rooted trees; Vector fields algebras,,,,,,,,,Article,Final,All Open Access; Bronze Open Access,Scopus,2-s2.0-18544379600,mathematics,Q3,Q3,"Mathematics (miscellaneous): Q3 (rank 63, 42%)",Mathematics (miscellaneous),0.631,1532-0073,145269.0,ok_2024
"Balık, O.; Özden, E.S.; Özcan, M.S.; Alkaya-Solmaz, F.A.; Kirdemir, P.","Balık, Onurcan (59549329100); Özden, Eyyüp Sabri (57193340122); Özcan, Mustafa Soner (57192821503); Alkaya-Solmaz, Filiz (56237635100); Kirdemir, Pakize (56632840600)",59549329100; 57193340122; 57192821503; 56237635100; 56632840600,Comparison of NoSAS score with STOP-Bang and Berlin scores in predicting difficult airway,2025,BMC Anesthesiology,25.0,1,46,,,2,10.1186/s12871-025-02926-1,https://www.scopus.com/inward/record.uri?eid=2-s2.0-85217357651&doi=10.1186%2Fs12871-025-02926-1&partnerID=40&md5=18af0572716c05fc364eb672872404c7,"Department of Anesthesiology, SDU University, Kaskelen, Almaty, Kazakhstan","Balık, Onurcan, Department of Anesthesiology, SDU University, Kaskelen, Almaty, Kazakhstan; Özden, Eyyüp Sabri, Department of Anesthesiology, SDU University, Kaskelen, Almaty, Kazakhstan; Özcan, Mustafa Soner, Department of Anesthesiology, SDU University, Kaskelen, Almaty, Kazakhstan; Alkaya-Solmaz, Filiz, Department of Anesthesiology, SDU University, Kaskelen, Almaty, Kazakhstan; Kirdemir, Pakize, Department of Anesthesiology, SDU University, Kaskelen, Almaty, Kazakhstan","Background: This study aimed to compare the effectiveness of the NoSAS, STOP-Bang, and Berlin scoring systems, which are utilized to predict obstructive sleep apnea syndrome (OSAS), in forecasting difficult airway management. Additionally, the study sought to determine which of these scoring systems is the most practical and effective for this purpose. Methods: Following the ethics committee approval, preoperative NoSAS, STOP-Bang, and Berlin scores were calculated for 420 patients aged 18 years and older who were scheduled for tracheal intubation. Mask ventilation and intubation were performed by research assistant with a minimum of two years of experience. Detailed examinations and recordings were conducted, including demographic data, neck circumference, OSAS diagnosis, history of difficult intubation, comorbidities, ASA classification, Mallampati classification, and Cormack-Lehane grade. Subsequently, the predictive efficacy of these three scoring systems for difficult mask ventilation and difficult intubation was compared. Results: In our study, 83 patients (19.8%) were classified as having difficult mask ventilation, and 101 patients (24.0%) were classified as having difficult intubation. The NoSAS score demonstrated a higher predictive power compared to the other scoring systems for difficult mask ventilation and difficult intubation. The cut-off value for the NoSAS score was determined to be 6.5 for predicting difficult mask ventilation and 7.5 for predicting difficult intubation. Conclusion: The routine implementation of the NoSAS score, an easy-to-use, rapid and objective tool primarily developed for OSAS screening, is likely to be effective in preoperatively identifying difficult airways in patients undergoing general anesthesia. © The Author(s) 2025.",Berlin score; Difficult airway; NoSAS score; STOP-Bang score,"fentanyl; lidocaine; midazolam; propofol; thiopental; adult; American Society of Anaesthesiologists score; anesthesia induction; Article; Berlin criteria; bilevel positive airway pressure; continuous positive airway pressure; controlled study; Cormack-Lehane Grade; diagnostic test accuracy study; difficult airway management; difficult intubation; difficult mask ventilation; endotracheal intubation; female; general anesthesia; human; intubation; major clinical study; male; Mallampati score; mask ventilation; middle aged; neck circumference; NoSAS score; observational study; obstructive sleep apnea; oxygen saturation; prediction; prospective study; receiver operating characteristic; respiratory tract disease assessment; scoring system; Stop-Bang Questionnaire; videolaryngoscopy; aged; comparative study; diagnosis; predictive value; procedures; respiration control; therapy; Adult; Aged; Airway Management; Female; Humans; Intubation, Intratracheal; Male; Middle Aged; Predictive Value of Tests; Sleep Apnea, Obstructive",,,,,,,,Article,Final,All Open Access; Gold Open Access; Green Accepted Open Access; Green Open Access,Scopus,2-s2.0-85217357651,medicine,Q2,Q2,"Anesthesiology and Pain Medicine: Q2 (rank 44, 68%)",Anesthesiology and Pain Medicine,0.753,,21855.0,ok_2024
"Gönen, I.; Umul, M.; Kaya, O.; Nurlu Temel, E.; Köse, S.A.; Unal, O.; Pala, H.Z.; Akçam, F.Z.","Gönen, İbak (6504697562); Umul, Mehmet (11239048400); Kaya, Onur (36116637700); Nurlu Temel, Esra (24723110900); Köse, Seyit Ali (55190880000); Unal, Onur (55795476300); Pala, Havva Zuneyre (56080299700); Akçam, Füsun Zeynep (8208940800)",6504697562; 11239048400; 36116637700; 24723110900; 55190880000; 55795476300; 56080299700; 8208940800,Clinical and laboratory evaluation of urinary tract infections in elderly population,2013,Acta Medica Mediterranea,29.0,4,,853.0,858.0,5,,https://www.scopus.com/inward/record.uri?eid=2-s2.0-84896735083&partnerID=40&md5=60a6561331e97b68ce0a7635f0507144,"Department of Infectious Diseases and Clinical Microbiology, SDU University, Kaskelen, Almaty, Kazakhstan; Department of Urology, SDU University, Kaskelen, Almaty, Kazakhstan; Department of Obstetrics and Gynecology, SDU University, Kaskelen, Almaty, Kazakhstan","Gönen, İbak, Department of Infectious Diseases and Clinical Microbiology, SDU University, Kaskelen, Almaty, Kazakhstan; Umul, Mehmet, Department of Urology, SDU University, Kaskelen, Almaty, Kazakhstan; Kaya, Onur, Department of Infectious Diseases and Clinical Microbiology, SDU University, Kaskelen, Almaty, Kazakhstan; Nurlu Temel, Esra, Department of Infectious Diseases and Clinical Microbiology, SDU University, Kaskelen, Almaty, Kazakhstan; Köse, Seyit Ali, Department of Obstetrics and Gynecology, SDU University, Kaskelen, Almaty, Kazakhstan; Unal, Onur, Department of Infectious Diseases and Clinical Microbiology, SDU University, Kaskelen, Almaty, Kazakhstan; Pala, Havva Zuneyre, Department of Infectious Diseases and Clinical Microbiology, SDU University, Kaskelen, Almaty, Kazakhstan; Akçam, Füsun Zeynep, Department of Infectious Diseases and Clinical Microbiology, SDU University, Kaskelen, Almaty, Kazakhstan","Introduction: Urinary tract infection (UTI) is one of the most common infections in the geriatric population. The management of geriatric urinary tract infections is difficult due to the various factors. This study evaluated the clinical and laboratory characteristics of 101 patients who were monitored for upper UTI (acute pyelonephritis) in a tertiary care hospital. Materials and methods: One hundred and one patients over the age of 65 years, who were monitored for acute pyelonephritis (APN) at a tertiary care hospital between January 2008 and December 2012, were included in the study. The medical charts of the patients monitored with the diagnosis of APN were retrospectively examined and the anamnesis and physical examination findings, laboratory parameters, and empirical and targeted treatments and outcomes of the patients were evaluated. Findings: The most common symptoms in the patients were functional debilitation (32%), mental confusion (27%), and emesis (26%) while the most frequent physical examination findings were fever (57%), costovertebral angle tenderness (CVAT) positivity (42%) , and tachycardia (27%). The most frequently isolated microorganism from the urine cultures was E. coli (66%). Conclusion: In conclusion, APN is an infectious disease that is common in the elderly population and can result in death. It should be remembered that the typical symptoms and signs of infection may not be present in elderly patients with APN and that these patients may present with atypical findings such as mental confusion and functional debilitation. The increase in antibiotic resistance in E. coli strains limits the treatment options and once more reminds us, the clinicians, of the importance of rational antibiotic use.",Acute pyelonephritis; Antibiotic resistance; Elderly population,C reactive protein; acute pyelonephritis; aged; anamnesis; antibiotic resistance; article; chill; clinical evaluation; costovertebral angle tenderness positivity; dysuria; Escherichia coli; female; fever; flank pain; geriatric disorder; human; hypotension; leukocytosis; major clinical study; male; mental disease; outcome assessment; patient monitoring; physical examination; pollakisuria; population; pyuria; retrospective study; spine disease; tachycardia; tertiary care center; urinary urgency; urine culture; vomiting,,,,,,,,Article,Final,,Scopus,2-s2.0-84896735083,medicine,Q4,Q4,"Medicine (all): Q4 (rank 2995, 5%)",Medicine (all),0.118,0393-6384,21287.0,no_quartile_in_scopus
"Kilinçarslan, Ş.; Simsek Turker, Y.Ş.","Kilinçarslan, Şemsettin (8585460600); Simsek Turker, Yasemin (57218918478)",8585460600; 57218918478,Physical-mechanical properties variation with strengthening polymers,2020,Acta Physica Polonica A,137.0,4,,566.0,568.0,6,10.12693/APhysPolA.137.566,https://www.scopus.com/inward/record.uri?eid=2-s2.0-85090765564&doi=10.12693%2FAPhysPolA.137.566&partnerID=40&md5=1258fbe8b9aadf4d4f05bd47d17e2b76,"Department of Civil Engineering, SDU University, Kaskelen, Almaty, Kazakhstan","Kilinçarslan, Şemsettin, Department of Civil Engineering, SDU University, Kaskelen, Almaty, Kazakhstan; Simsek Turker, Yasemin, Department of Civil Engineering, SDU University, Kaskelen, Almaty, Kazakhstan","Physical and mechanical properties of the materials are very important, especially when used for construction. Wood is a building and engineering material that has been in society for thousands of years with many positive properties, and still maintains its importance. As one knows, wood material loses its strength properties over time and requires maintenance/repair. There are many maintenance and repair methods along with reinforcement with the most commonly used steel elements. Although steel dowels and plates have been used in modern fastening systems recently, there are still some problems regarding the use of steel. It is stated that there are relevant problems especially in the recycling of the material. For this reason, in this study, the aim was to make an ideal reinforcement using non-metallic materials. Larix wood type beam, which is mostly used in the production of all kinds of carrier structural elements and in many other areas, was wrapped with Fibre Reinforced Polymers (FRP). After the winding proccess, the beams were subjected to bending test. After the experimental studies, wood beams were modeled in ANSYS Software Analysis Program and the behavior of FRP wrapped beams against bending was examined. It was found that reinforcement with FRP increases the load bearing capacity and displacement of the beams. Furthermore, it was seen that the results of static analysis with modeling in finite elements give compatible results. © 2020 Polish Academy of Sciences. All rights reserved.",,Fiber reinforced plastics; Mechanical properties; Polymers; Static analysis; Engineering materials; Fibre reinforced polymers; Load-bearing capacity; Physical and mechanical properties; Physical-mechanical properties; Strength property; Structural elements; Wood materials; Wood,,,,,,,,Conference paper,Final,All Open Access; Gold Open Access,Scopus,2-s2.0-85090765564,physics_and_astronomy,Q4,Q4,"Physics and Astronomy (all): Q4 (rank 186, 24%)",Physics and Astronomy (all),0.184,0587-4246,26936.0,ok_2024
"Tajik, M.A.; Namyssova, G.; Shamatov, D.; Manan, S.A.; Zhunussova, G.; Antwi, S.K.","Tajik, Mir Afzal (57205136695); Namyssova, Gulnara (57934893900); Shamatov, Düishön Alievich (16032366900); Manan, Syed Abdul (57194007233); Zhunussova, Gulnissa D. (57223031530); Antwi, Seth Kwadwo (58237276200)",57205136695; 57934893900; 16032366900; 57194007233; 57223031530; 58237276200,Navigating the potentials and barriers to EMI in the post-Soviet region: insights from Kazakhstani university students and instructors,2025,International Journal of Multilingualism,22.0,2,,990.0,1010.0,13,10.1080/14790718.2023.2265428,https://www.scopus.com/inward/record.uri?eid=2-s2.0-85173765945&doi=10.1080%2F14790718.2023.2265428&partnerID=40&md5=f89b0bddfc97f5ebf391fb914858d5cb,"Nazarbayev University Graduate School of Education, Astana, Kazakhstan; Department of Language Education, SDU University, Kaskelen, Almaty, Kazakhstan","Tajik, Mir Afzal, Nazarbayev University Graduate School of Education, Astana, Kazakhstan; Namyssova, Gulnara, Nazarbayev University Graduate School of Education, Astana, Kazakhstan; Shamatov, Düishön Alievich, Nazarbayev University Graduate School of Education, Astana, Kazakhstan; Manan, Syed Abdul, Nazarbayev University Graduate School of Education, Astana, Kazakhstan; Zhunussova, Gulnissa D., Department of Language Education, SDU University, Kaskelen, Almaty, Kazakhstan; Antwi, Seth Kwadwo, Nazarbayev University Graduate School of Education, Astana, Kazakhstan","Kazakhstan has made remarkable strides forward in internationalisation of its higher education by adopting a trilingual education policy, joining the Bologna Process, cooperation with foreign universities, and academic mobility. As a result, there has been a dramatic increase in the number of English medium instruction (EMI) programmes offered by Kazakhstani universities. However, despite the growing popularity of EMI, there is very little empirical evidence on how EMI is received in Kazakhstan. Using a qualitative research design, this study investigated graduate students’ and instructors’ perceptions and experiences of EMI in three purposefully selected universities in Kazakhstan. The data collected through semi-structured interviews revealed that EMI, in general, is seen as a prestige and high social status, a passport that facilitates entry to universities and job markets around the globe, and a pedagogical tool. However, the data also explored that EMI is a factor that creates inequalities and hardships, causing stress and anxiety in students. There are also concerns over the way the EMI policy is implemented on the ground, indicating a gap between policy aspirations and implementation that can be witnessed in many other countries around the world. © 2023 The Author(s). Published by Informa UK Limited, trading as Taylor & Francis Group.",English medium instruction (EMI); Kazakhstan; medium of instruction (MOI); multilingual graduate students; Perceptions; trilingual education policy,,"Nazarbayev University, NU, (021220CRP1322); Nazarbayev University, NU","This study was funded by Nazarbayev University Collaborative Research Program (Grant # 021220CRP1322, \u201CGraduate students\u201D struggles with academic reading and writing in English-medium universities in Kazakhstan). The authors greatly appreciate the valuable contributions made by all research participants from the selected universities, the anonymous peer reviewers for their insightful comments, and our team members (Drs Uli Schamiloglu, Adina-Camelia Arvatu, and Maganat Shegebayev) who are part of the larger project. We also thank our research assistant, Lyudmila Fillipova, who assisted in data collection and translation.",,,,,,Article,Final,All Open Access; Hybrid Gold Open Access,Scopus,2-s2.0-85173765945,social_sciences,Q1,"Q1, Q1","Language and Linguistics: Q1 (rank 42, 96%); Linguistics and Language: Q1 (rank 47, 96%)",Language and Linguistics; Linguistics and Language,1.134,1479-0718,5800207756.0,ok_2024
"Bodur, N.; özdemir, C.","Bodur, Necla (60132930300); özdemir, Cemal (57202394350)",60132930300; 57202394350,The Understanding of Responsibility in Ahmet Hamdi Tanpinar,2024,European Journal of Social Science Education and Research,11.0,2,,173.0,182.0,0,10.26417/89hk5e18,https://www.scopus.com/inward/record.uri?eid=2-s2.0-105018222672&doi=10.26417%2F89hk5e18&partnerID=40&md5=c72e5f45478dea52fddf06283007eee1,"Department of Oriental Philology, International Burch University, Kazakhstan; SDU University, Kaskelen, Almaty, Kazakhstan","Bodur, Necla, Department of Oriental Philology, International Burch University, Kazakhstan; özdemir, Cemal, SDU University, Kaskelen, Almaty, Kazakhstan","Tanpinar, who lives in a Muslim country and sees literature as a means of rebuilding society, has attached great importance to religion and religious values and has also given way to in-depth analyzes of people and life in his works. It is obvious that Tanpinar, who has signed many works to touch almost all the problems of social life, sees literature as an important element to change and transform people and society. This has made religious motifs a touchstone in his works. This article will focus on the concept of responsibility for these religious motives. First, an overall evaluation of religious motives in Tanpinar's works will be made, and then the concept of responsibility according to Tanpinar will be analyzed. After revealing the meanings that Tanpinar attributed to the concept of responsibility, based on his different works, the Islamic side of the issue will also be touched upon. In particular, the responsibility of Tanpinar, which covers all members of the society from a broad perspective, and his connection with the law of work in Islam will be emphasized, and then the article will end with the conclusion part. To express it in the final analysis, according to Tanpinar, each individual in the society has his/her area of responsibility according to his/her degree and position, and fulfilling this constitutes the most important aspect of being a successful society. © 2024 Bodur and Ozdemir.",Religion; Religious motive; Responsibility; Tanpinar,,,,,,,,,Article,Final,All Open Access; Gold Open Access,Scopus,2-s2.0-105018222672,social_sciences,Q3,"Q3, Q3, Q4, Q4","Philosophy: Q3 (rank 455, 47%); Cultural Studies: Q3 (rank 791, 43%); Social Sciences (miscellaneous): Q4 (rank 582, 18%); Education: Q4 (rank 1475, 11%)",Philosophy; Cultural Studies; Social Sciences (miscellaneous); Education,,2411-9563,21101337820.0,ok_2025
"Dewaele, J.-M.; özdemir, C.; Karci, D.; Uysal, S.; Özdemir, E.D.; Balta, N.","Dewaele, Jean Marc (6602700294); özdemir, Cemal (57202394350); Karci, Durmuş (57205338372); Uysal, Sinem (57224063311); Özdemir, Elif Derya (57217544565); Balta, Nuri (56577982000)",6602700294; 57202394350; 57205338372; 57224063311; 57217544565; 56577982000,How distinctive is the foreign language enjoyment and foreign language classroom anxiety of Kazakh learners of Turkish?,2022,Applied Linguistics Review,13.0,2,,243.0,265.0,74,10.1515/applirev-2019-0021,https://www.scopus.com/inward/record.uri?eid=2-s2.0-85073036937&doi=10.1515%2Fapplirev-2019-0021&partnerID=40&md5=220ab3e0fa7813de6a76f0619ea1c969,"Department of Applied Linguistics and Communication, Birkbeck, University of London, London, United Kingdom; Faculty of Education and Humanities, SDU University, Kaskelen, Almaty, Kazakhstan; International Burch University, Sarajevo, Sarajevo, Bosnia and Herzegovina; University of International Business, Almaty, Kazakhstan","Dewaele, Jean Marc, Department of Applied Linguistics and Communication, Birkbeck, University of London, London, United Kingdom; özdemir, Cemal, Faculty of Education and Humanities, SDU University, Kaskelen, Almaty, Kazakhstan; Karci, Durmuş, International Burch University, Sarajevo, Sarajevo, Bosnia and Herzegovina; Uysal, Sinem, Faculty of Education and Humanities, SDU University, Kaskelen, Almaty, Kazakhstan; Özdemir, Elif Derya, Faculty of Education and Humanities, SDU University, Kaskelen, Almaty, Kazakhstan; Balta, Nuri, University of International Business, Almaty, Kazakhstan","The present study focuses on foreign language enjoyment (FLE) and foreign language classroom anxiety (FLCA) of 592 learners of Turkish as a foreign language (FL) in Kazakhstan. Mean levels of FLE and FLCA were found to be similar to previous studies in different settings with different target languages. In contrast with previous literature, a weak positive correlation was found between FLE and FLCA and the gender effect went in the opposite direction, with male participants reporting more FLCA than female participants. Multiple regression analyses revealed that FLE and FLCA were more strongly predicted by learners' attitude toward Turkish and teacher-related variables than by learner-internal variables, confirming previous research outside Kazakhstan. Attitude toward the FL, teacher's friendliness, strictness and frequency of use of the FL, attitude toward the teacher, participant's age and FL exam result explained a total of 25% of variance in FLE. Differing slightly from previous studies, FLCA was found to be only weakly predicted (6% of variance) by some learner-internal variables (FL exam result, attitude toward the FL) as well as teacher-centred variables (friendliness, strictness). The findings suggest that variation in FLE and FLCA among Kazakh learners of Turkish is quite similar to that established in other contexts. © 2019 Walter de Gruyter GmbH, Berlin/Boston.",foreign language classroom anxiety; foreign language enjoyment; Kazakhstan; positive psychology; Turkish,,,,,,,,,Article,Final,,Scopus,2-s2.0-85073036937,social_sciences,Q1,"Q1, Q1","Language and Linguistics: Q1 (rank 49, 95%); Linguistics and Language: Q1 (rank 54, 95%)",Language and Linguistics; Linguistics and Language,1.188,1868-6303,19700200985.0,ok_2024
"Tajik, M.A.; Akhmetova, G.Y.; Fillipova, L.; Shamatov, D.; Zhunussova, G.","Tajik, Mir Afzal (57205136695); Akhmetova, Guldana Y. (57513580900); Fillipova, Lyudmila N. (57226237519); Shamatov, Düishön Alievich (16032366900); Zhunussova, Gulnissa D. (57223031530)",57205136695; 57513580900; 57226237519; 16032366900; 57223031530,STUDENTS’ STRUGGLES WITH EMI IN KAZAKHSTANI UNIVERSITIES; ПРОБЛЕМЫ ОБУЧЕНИЯ СТУДЕНТОВ НА АНГЛИЙСКОМ ЯЗЫКЕ (EMI) В УНИВЕРСИТЕТАХ КАЗАХСТАНА,2022,Obrazovanie i Nauka,24.0,8,,95.0,115.0,5,10.17853/1994-5639-2022-8-95-115,https://www.scopus.com/inward/record.uri?eid=2-s2.0-85144795770&doi=10.17853%2F1994-5639-2022-8-95-115&partnerID=40&md5=f5a5af78fc68a5282718f48950f7be6a,"Nazarbayev University, Astana, Kazakhstan; SDU University, Kaskelen, Almaty, Kazakhstan","Tajik, Mir Afzal, Nazarbayev University, Astana, Kazakhstan; Akhmetova, Guldana Y., Nazarbayev University, Astana, Kazakhstan; Fillipova, Lyudmila N., Nazarbayev University, Astana, Kazakhstan; Shamatov, Düishön Alievich, Nazarbayev University, Astana, Kazakhstan; Zhunussova, Gulnissa D., SDU University, Kaskelen, Almaty, Kazakhstan","Introduction. Fascination with English medium instruction (EMI) is fast growing in higher education institutions in non-native English-speaking countries, including Kazakhstan. The Kazakhstani government adopted a trilingual education policy in 2007 and the Bologna Process in 2010. Both these initiatives motivated universities to offer academic programmes in the English language. As a result, EMI programmes are offered in over 70 higher education institutions across Kazakhstan. In addition, there are four major Kazakhstani universities which offer academic programmes in English only. Despite the increase in the number of EMI programmes, there is a lack of empirical evidence about the difficulties and challenges faced by students in the EMI programmes. Aim. The present study aimed to investigate the nature, forms, and levels of challenges graduate students face in academic reading and writing in English and the way they cope with these challenges. The study was conducted with graduate students and faculty in 10 selected Kazakhstani universities, which offer academic programmes in EMI. Research methodology and methods. The study is based on a mixed-method design, involving an online survey and semi-structured interviews. The closed-ended questions have been analysed using SPSS software (Statistical Package for the Social Sciences). The grounded theory analysis was utilised to scrutinise open-ended questions and interview transcripts. Results and scientific novelty. The study’s results indicated two major challenges faced by graduate students in academic reading and writing: the personal-psychological challenge and sociological challenge. The first challenge includes students’ previous academic backgrounds, exposure, and learning experiences. The second challenge is related to English academic culture and students’ worldviews, concepts, and values about English as a language and medium of instruction. As a result, graduate students experienced a lack of vocabulary, inadequate academic literacy skills, unfamiliarity with academic writing styles in English, and lack of skills to synthesise reading materials. Practical significance. Hence, this study recommends systematising English language programmes across secondary and higher education institutions to help students acquire advanced English language proficiency. Also, the study results suggest that local faculty members should be trained according to international standards in terms of their English language skills and innovative teaching methods. © 2022 Russian State Vocational Pedagogical University. All rights reserved.",academic reading; academic writing; challenges; EMI; graduate students; Kazakhstan,,"Nazarbayev University, NU, (021220CRP1322)",Acknowledgements. The research study is funded by Nazarbayev University under Collaborative Research Programme Grant № 021220CRP1322.,,,,,,Article,Final,All Open Access; Gold Open Access; Green Accepted Open Access; Green Final Open Access; Green Open Access,Scopus,2-s2.0-85144795770,social_sciences,Q1,"Q1, Q1, Q2, Q2, Q3","Cultural Studies: Q1 (rank 169, 87%); Philosophy: Q1 (rank 113, 86%); Sociology and Political Science: Q2 (rank 545, 63%); Education: Q2 (rank 790, 51%); Physical Therapy, Sports Therapy and Rehabilitation: Q3 (rank 134, 47%)","Cultural Studies; Philosophy; Sociology and Political Science; Education; Physical Therapy, Sports Therapy and Rehabilitation",0.235,1994-5639,21100900514.0,ok_2024
"Arklan, Ü.","Arklan, Ümit (57260116700)",57260116700,Preface,2018,Practice Fields in Public Relations: The Panorama of Turkey,,,,9.0,10.0,0,,https://www.scopus.com/inward/record.uri?eid=2-s2.0-85114981202&partnerID=40&md5=b2cd098a585c74ce0cd1dac3f41414a6,"Faculty of Communication, SDU University, Kaskelen, Almaty, Kazakhstan","Arklan, Ümit, Faculty of Communication, SDU University, Kaskelen, Almaty, Kazakhstan",[No abstract available],,,,,,,,,,Editorial,Final,,Scopus,2-s2.0-85114981202,social_sciences,,,,,,,,conference_or_book
"Özkul, A.S.","Özkul, Ahmet Sait (57226892992)",57226892992,Total quality management in public relations from the perspective of Turkey’s cultural codes,2018,Practice Fields in Public Relations: The Panorama of Turkey,,,,225.0,245.0,0,,https://www.scopus.com/inward/record.uri?eid=2-s2.0-85114980359&partnerID=40&md5=3f84ad9ba964b8f320c05309cd1d5d80,"Faculty of Communication, SDU University, Kaskelen, Almaty, Kazakhstan","Özkul, Ahmet Sait, Faculty of Communication, SDU University, Kaskelen, Almaty, Kazakhstan",[No abstract available],,,,,,,,,,Book chapter,Final,,Scopus,2-s2.0-85114980359,social_sciences,,,,,,,,conference_or_book
"Arklan, Ü.","Arklan, Ümit (57260116700)",57260116700,Practice fields in public relations: The Panorama of Turkey,2018,Practice Fields in Public Relations: The Panorama of Turkey,,,,1.0,466.0,0,10.3726/b12872,https://www.scopus.com/inward/record.uri?eid=2-s2.0-85114979955&doi=10.3726%2Fb12872&partnerID=40&md5=b977077610920ae244381472ecddde4a,"Faculty of Communication, SDU University, Kaskelen, Almaty, Kazakhstan","Arklan, Ümit, Faculty of Communication, SDU University, Kaskelen, Almaty, Kazakhstan","Public relations is a wide field of practice that encompasses the communicative processes carried out by the organization’s internal and external stakeholders. Due to its multidisciplinary nature, it is in touch with many topics and fields, which necessitates viewing the concept of public relations from a wide and sophisticated perspective as well as handling it through different dimensions. The study focuses on public relations topics and incorporates, within this context, 20 fields of practice, each of which has been detailed in a separate chapter. In addition to handling the general status of the mentioned fields in international literature, it makes efforts to present the panorama of Turkey, making evaluations about Turkey in particular. © Peter Lang GmbH.",,,,,,,,,,Book,Final,,Scopus,2-s2.0-85114979955,social_sciences,,,,,,,,conference_or_book
"Antalyali, Ö.L.","Antalyali, Ömer Lütfi (57226879428)",57226879428,Organizational perception management (OPM) perspective for public relations managers: A review of international literature and turkish studies,2018,Practice Fields in Public Relations: The Panorama of Turkey,,,,113.0,141.0,0,,https://www.scopus.com/inward/record.uri?eid=2-s2.0-85114971927&partnerID=40&md5=bc8c70ce8ad505ce29b2a0592838b67a,"Faculty of Communication, SDU University, Kaskelen, Almaty, Kazakhstan","Antalyali, Ömer Lütfi, Faculty of Communication, SDU University, Kaskelen, Almaty, Kazakhstan",[No abstract available],,,,,,,,,,Book chapter,Final,,Scopus,2-s2.0-85114971927,social_sciences,,,,,,,,conference_or_book
"Karci, D.; özdemir, C.; Balta, N.","Karci, Durmuş (57205338372); özdemir, Cemal (57202394350); Balta, Nuri (56577982000)",57205338372; 57202394350; 56577982000,In-class and out-of-class anxiety in Speaking Turkish as a Second Language,2018,Problems of Education in the 21st Century,76.0,6,,816.0,833.0,3,10.33225/pec/18.76.816,https://www.scopus.com/inward/record.uri?eid=2-s2.0-85059640967&doi=10.33225%2Fpec%2F18.76.816&partnerID=40&md5=090d19faeab842795b57c111e97c3925,"International Burch University, Sarajevo, Sarajevo, Bosnia and Herzegovina; SDU University, Kaskelen, Almaty, Kazakhstan; University of International Business, Almaty, Kazakhstan","Karci, Durmuş, International Burch University, Sarajevo, Sarajevo, Bosnia and Herzegovina; özdemir, Cemal, SDU University, Kaskelen, Almaty, Kazakhstan; Balta, Nuri, University of International Business, Almaty, Kazakhstan","Turkish is spoken by a large number of people in a wide geographical area and teaching Turkish as a foreign language is a subject that gains importance nowadays. This research employed a quantitative survey strategy to address the issue of anxiety in learning Turkish language in and outside the classroom. Participants were 356 students of two high schools, one college and one university in Kazakhstan. Participants were given the Second Language Speaking Anxiety Scale (SLSAS), which was analyzed with: correlation to search for possible relations between anxiety, age, duration of studying Turkish, and Turkish course grades; MANOVA to assess the effect of gender and school type on students' anxiety in speaking Turkish; and an exploratory factor analysis to identify factor structure of SLSAS. Additionally, an ANOVA was carried out on a second data set with 52 students to see any differences between students' anxiety in speaking Turkish and English. The results of this research indicated that anxiety in speaking Turkish is weak and not related to students' age, gender, years studying Turkish, and Turkish course grades. In addition, no significant differences were found between students' anxiety in speaking Turkish and English. The only significant result was the relatively high anxiety of college students in the classroom. This research implies that anxiety in speaking Turkish does not differ so much from anxiety in speaking English. © 2019 PEC.",Anxiety in speaking; Language anxiety; Turkish as a second language,,,,,,,,,Article,Final,All Open Access; Gold Open Access,Scopus,2-s2.0-85059640967,social_sciences,Q4,Q4,"Education: Q4 (rank 999, 2%)",Education,0.247,1822-7864,21100821129.0,ok_2017
"özdemir, C.; Özdemir, E.D.","özdemir, Cemal (57202394350); Özdemir, Elif Derya (57217544565)",57202394350; 57217544565,Suggestions for problems faced in basic language skills by university students learning Turkish in Kazakhstan,2018,European Journal of Contemporary Education,7.0,2,,344.0,359.0,3,10.13187/ejced.2018.2.344,https://www.scopus.com/inward/record.uri?eid=2-s2.0-85048192571&doi=10.13187%2Fejced.2018.2.344&partnerID=40&md5=989fa905bbd0e5cb5cc40a30ef91b193,"SDU University, Kaskelen, Almaty, Kazakhstan","özdemir, Cemal, SDU University, Kaskelen, Almaty, Kazakhstan; Özdemir, Elif Derya, SDU University, Kaskelen, Almaty, Kazakhstan","This study reveals suggestions of Kazakh students for solving the problems in learning Turkish as a foreign language in the Turkish language skills in universities in Kazakhstan. The research has been prepared in order to assist in the search for solutions to the problems by way of these suggestions. The study group of this work consists of 25 males and 15 females who studied Turkish in 2016-2017 at Suleyman Demirel University in Kazakhstan. The research consists of four chapters on the Turkish language skills, including seven suggestion sentences list in each chapter. A total of 28 Likert-type questionnaires were used, as well as semi-open questions, in which students can express their suggestions for solving problems in language skills in written form. To carry quantitative data analysis obtained from Likert-type questionnaires both descriptive and inferential statistical methods were used. In particular, frequency analysis and t-test were used. Qualitative data analysis techniques were used to study the semi-open questions. As a result of the research, when the ratios of the proposals for the solution of the problems that the participants faced in basic Turkish language skills are examined, the following results arise. In reading-comprehension, 75 % of the students said, ""Interesting materials should be used in lessons"", ""Teachers should help students when they are difficult"" was chosen with a rate of 77.5 % in speaking skills, ""Listening activities should be selected from interesting topics"" was chosen by 67.5 % of students about listening skills, with 67.5 % of the writing skills, ""The students should be corrected and shown to themselves"", and ""Books of different types should be read frequently"" are suggested with the highest values. Except for few items t-test shows the signifiacnt (p < 0.05) results. © 2018 by Academic Publishing.",Kazakhstan; Problems in teaching Turkish; Suggestions for solutions; Teaching Turkish to Turkish natives; Turkish language skills,,,,,,,,,Article,Final,,Scopus,2-s2.0-85048192571,social_sciences,Q4,Q4,"Education: Q4 (rank 930, 4%)",Education,0.331,2304-9650,21100790713.0,ok_2016
"Kiriş, H.M.; Yatagan, Y.K.","Kiriş, Hakan Mehmet (55447212700); Yatagan, Yasemen Kiris (57189275940)",55447212700; 57189275940,Internal dynamics of the Turkish foreign policy in the 2000s,2015,Turkish Foreign Policy in the New Millennium,,,,29.0,38.0,0,10.3726/978-3-653-05496-5,https://www.scopus.com/inward/record.uri?eid=2-s2.0-84967355657&doi=10.3726%2F978-3-653-05496-5&partnerID=40&md5=4c4a19980d3a631db7ad883cf708e0d3,"Department of Political Sciences and Public Administration, SDU University, Kaskelen, Almaty, Kazakhstan; Department of Social Sciences, SDU University, Kaskelen, Almaty, Kazakhstan","Kiriş, Hakan Mehmet, Department of Political Sciences and Public Administration, SDU University, Kaskelen, Almaty, Kazakhstan; Yatagan, Yasemen Kiris, Department of Social Sciences, SDU University, Kaskelen, Almaty, Kazakhstan","The foreign policy of a country is established on some internal and external dynamics. Classical Turkish Foreign Policy began to be formed just after the political splits in the beginning of 20th century in Turkey. New foreign policy of post 2002, however, has aimed to increase the impact degree especially in the regional level compared to its past. The domestic policy conjuncture of the country has a great vital effect on the formation of this new foreign policy, which is a subject to be discussed with advantages as well as disadvantages. © Peter Lang GmbH Internationaler Verlag der Wissenschaften Frankfurt am Main 2015. All rights reserved.",AKP; Internal dynamics; Turkish foreign policy,,,,,,,,,Book chapter,Final,,Scopus,2-s2.0-84967355657,social_sciences,,,,,,,,conference_or_book
"Çinar, F.","Çinar, Fatih (57225804566)",57225804566,Analysis and comparison of the curriculums implemented in imam hatip high school from 1924 to 2000; 1924'ten 2000'e kadar uygulanmis olan imam hatip lisesi öǧretim programlarinin analizi ve karşilaştirilmasi,2013,Milli Egitim,1.0,197,,180.0,208.0,0,,https://www.scopus.com/inward/record.uri?eid=2-s2.0-84883034553&partnerID=40&md5=b74a3b1c77e75ff4e97bb743d92412eb,"SDU University, Kaskelen, Almaty, Kazakhstan","Çinar, Fatih, SDU University, Kaskelen, Almaty, Kazakhstan","In this study, the curriculums implemented in Imam Hatip High School from 1924 to 2000 are chronologically analysed and compared. For that reason in the study, the historical method taking part in the survey model and interpretation method in the evaluation part are used. As historical method is used in the study, data resources are the written documents relevant to issue published from 1924 to present . At the end of the study, it is revealed that the curriculums of Imam Hatip High School that have been implemented since its foundation have not properly realised its objectives with regards to training for the vocation.",Eǧitim; Imam Hatip; Müfredat; Program,,,,,,,,,Article,Final,,Scopus,2-s2.0-84883034553,social_sciences,Q4,Q4,"Education: Q4 (rank 1493, 7%)",Education,0.135,1302-5600,5100152301.0,ok_2024
